Date,Open,High,Low,Close,Volume,Open Interest
2017-06-06,1.03105,1.03105,1.03105,1.03105,0,0
2017-06-07,1.02945,1.02945,1.02945,1.02945,0,0
2017-06-08,1.02905,1.02905,1.02905,1.02905,0,0
2017-06-09,1.02785,1.02785,1.02785,1.02785,0,0
2017-06-12,1.0301,1.0301,1.0301,1.0301,0,0
2017-06-13,1.02675,1.02675,1.02675,1.02675,0,0
2017-06-14,1.02575,1.02575,1.02575,1.02575,0,0
2017-06-15,1.01515,1.01515,1.01515,1.01515,0,0
2017-06-16,1.01475,1.01475,1.01475,1.01475,0,0
2017-06-19,1.01045,1.01045,1.01045,1.01045,0,0
2017-06-20,1.00995,1.00995,1.00995,1.00995,0,0
2017-06-21,1.00925,1.00925,1.00925,1.00925,0,0
2017-06-22,1.00805,1.00805,1.00805,1.00805,0,0
2017-06-23,1.00935,1.00935,1.00935,1.00935,0,0
2017-06-26,1.00425,1.00425,1.00425,1.00425,0,0
2017-06-27,1.006,1.006,1.006,1.006,0,0
2017-06-28,1.0038,1.0038,1.0038,1.0038,0,0
2017-06-29,1.0066,1.0066,1.0066,1.0066,0,0
2017-06-30,1.00225,1.00225,1.00225,1.00225,0,0
2017-07-03,0.99805,0.99805,0.99805,0.99805,0,0
2017-07-05,0.9975,0.9975,0.9975,0.9975,0,0
2017-07-06,0.9996,0.9996,0.9996,0.9996,0,0
2017-07-07,0.9929,0.9929,0.9929,0.9929,0,0
2017-07-10,0.99205,0.99205,0.99205,0.99205,0,0
2017-07-11,0.99425,0.99425,0.99425,0.99425,0,0
2017-07-12,0.99725,0.99725,0.99725,0.99725,0,0
2017-07-13,0.9979,0.9979,0.9979,0.9979,0,0
2017-07-14,1.00295,1.00295,1.00295,1.00295,0,0
2017-07-17,1.0019,1.0019,1.0019,1.0019,0,0
2017-07-18,1.00775,1.00775,1.00775,1.00775,0,0
2017-07-19,1.00865,1.00865,1.00865,1.00865,0,0
2017-07-20,1.0069,1.0069,1.0069,1.0069,0,0
2017-07-21,1.0145,1.0145,1.0145,1.0145,0,0
2017-07-24,1.01475,1.01475,1.01475,1.01475,0,0
2017-07-25,1.0097,1.0097,1.0097,1.0097,0,0
2017-07-26,1.01395,1.01395,1.01395,1.01395,0,0
2017-07-27,1.01525,1.01525,1.01525,1.01525,0,0
2017-07-28,1.0191,1.0191,1.0191,1.0191,0,0
2017-07-31,1.02255,1.02255,1.02255,1.02255,0,0
2017-08-01,1.01945,1.01945,1.01945,1.01945,0,0
2017-08-02,1.01765,1.01765,1.01765,1.01765,0,0
2017-08-03,1.0219,1.0219,1.0219,1.0219,0,0
2017-08-04,1.01645,1.01645,1.01645,1.01645,0,0
2017-08-07,1.0162,1.0162,1.0162,1.0162,0,0
2017-08-08,1.01935,1.01935,1.01935,1.01935,0,0
2017-08-09,1.024,1.024,1.024,1.024,0,0
2017-08-10,1.02805,1.02805,1.02805,1.02805,0,0
2017-08-11,1.02905,1.02905,1.02905,1.02905,0,0
2017-08-14,1.02585,1.02585,1.02585,1.02585,0,0
2017-08-15,1.01805,1.01805,1.01805,1.01805,0,0
2017-08-16,1.02185,1.02185,1.02185,1.02185,0,0
2017-08-17,1.02445,1.02445,1.02445,1.02445,0,0
2017-08-18,1.02925,1.02925,1.02925,1.02925,0,0
2017-08-21,1.03165,1.03165,1.03165,1.03165,0,0
2017-08-22,1.0257,1.0257,1.0257,1.0257,0,0
2017-08-23,1.02885,1.02885,1.02885,1.02885,0,0
2017-08-24,1.02535,1.02535,1.02535,1.02535,0,0
2017-08-25,1.0272,1.0272,1.0272,1.0272,0,0
2017-08-28,1.0276,1.0276,1.0276,1.0276,0,0
2017-08-29,1.0212,1.0212,1.0212,1.0212,0,0
2017-08-30,1.0155,1.0155,1.0155,1.0155,0,0
2017-08-31,1.01825,1.01825,1.01825,1.01825,0,0
2017-09-01,1.01615,1.01615,1.01615,1.01615,0,0
2017-09-05,1.0269,1.0269,1.0269,1.0269,0,0
2017-09-06,1.02255,1.02255,1.02255,1.02255,0,0
2017-09-07,1.02605,1.02605,1.02605,1.02605,0,0
2017-09-08,1.03335,1.03335,1.03335,1.03335,0,0
2017-09-11,1.02055,1.02055,1.02055,1.02055,0,0
2017-09-12,1.01445,1.01445,1.01445,1.01445,0,0
2017-09-13,1.0102,1.0102,1.0102,1.0102,0,0
2017-09-14,1.01275,1.01275,1.01275,1.01275,0,0
2017-09-15,1.01105,1.01105,1.01105,1.01105,0,0
2017-09-18,1.00695,1.00695,1.00695,1.00695,0,0
2017-09-19,1.00715,1.00715,1.00715,1.00715,0,0
2017-09-20,0.998,0.998,0.998,0.998,0,0
2017-09-21,0.9991,0.9991,0.9991,0.9991,0,0
2017-09-22,1.00325,1.00325,1.00325,1.00325,0,0
2017-09-25,1.00635,1.00635,1.00635,1.00635,0,0
2017-09-26,1.00135,1.00135,1.00135,1.00135,0,0
2017-09-27,0.9979,0.9979,0.9979,0.9979,0,0
2017-09-28,0.99955,0.99955,0.99955,0.99955,0,0
2017-09-29,0.9995,0.9995,0.9995,0.9995,0,0
2017-10-02,0.99955,0.99955,0.99955,0.99955,0,0
2017-10-03,0.99605,0.99605,0.99605,0.99605,0,0
2017-10-04,0.99775,0.99775,0.99775,0.99775,0,0
2017-10-05,0.99795,0.99795,0.99795,0.99795,0,0
2017-10-06,0.9999,0.9999,0.9999,0.9999,0,0
2017-10-09,1.0008,1.0008,1.0008,1.0008,0,0
2017-10-10,1.0021,1.0021,1.0021,1.0021,0,0
2017-10-11,1.0019,1.0019,1.0019,1.0019,0,0
2017-10-12,1.0027,1.0027,1.0027,1.0027,0,0
2017-10-13,1.00395,1.00395,1.00395,1.00395,0,0
2017-10-16,1.00255,1.00255,1.00255,1.00255,0,0
2017-10-17,1.00445,1.00445,1.00445,1.00445,0,0
2017-10-18,0.99935,0.99935,0.99935,0.99935,0,0
2017-10-19,1.00045,1.00045,1.00045,1.00045,0,0
2017-10-20,0.9953,0.9953,0.9953,0.9953,0,0
2017-10-23,0.99285,0.99285,0.99285,0.99285,0,0
2017-10-24,0.99505,0.99505,0.99505,0.99505,0,0
2017-10-25,0.9945,0.9945,0.9945,0.9945,0,0
2017-10-26,0.99295,0.99295,0.99295,0.99295,0,0
2017-10-27,0.99345,0.99345,0.99345,0.99345,0,0
2017-10-30,0.9962,0.9962,0.9962,0.9962,0,0
2017-10-31,0.99235,0.99235,0.99235,0.99235,0,0
2017-11-01,0.98745,0.98745,0.98745,0.98745,0,0
2017-11-02,0.9896,0.9896,0.9896,0.9896,0,0
2017-11-03,0.98805,0.98805,0.98805,0.98805,0,0
2017-11-06,0.99095,0.99095,0.99095,0.99095,0,0
2017-11-07,0.9896,0.9896,0.9896,0.9896,0,0
2017-11-08,0.9913,0.9913,0.9913,0.9913,0,0
2017-11-09,0.997,0.997,0.997,0.997,0,0
2017-11-10,0.9933,0.9933,0.9933,0.9933,0,0
2017-11-13,0.9959,0.9959,0.9959,0.9959,0,0
2017-11-14,0.99705,0.99705,0.99705,0.99705,0,0
2017-11-15,0.99985,0.99985,0.99985,0.99985,0,0
2017-11-16,0.99965,0.99965,0.99965,0.99965,0,0
2017-11-17,1.0067,1.0067,1.0067,1.0067,0,0
2017-11-20,1.00325,1.00325,1.00325,1.00325,0,0
2017-11-21,1.00625,1.00625,1.00625,1.00625,0,0
2017-11-22,1.01555,1.01555,1.01555,1.01555,0,0
2017-11-24,1.0117,1.0117,1.0117,1.0117,0,0
2017-11-27,1.01585,1.01585,1.01585,1.01585,0,0
2017-11-28,1.01105,1.01105,1.01105,1.01105,0,0
2017-11-29,1.009,1.009,1.009,1.009,0,0
2017-11-30,1.0034,1.0034,1.0034,1.0034,0,0
2017-12-01,1.0068,1.0068,1.0068,1.0068,0,0
2017-12-04,1.0038,1.0038,1.0038,1.0038,0,0
2017-12-05,1.00435,1.00435,1.00435,1.00435,0,0
2017-12-06,1.00535,1.00535,1.00535,1.00535,0,0
2017-12-07,0.9993,0.9993,0.9993,0.9993,0,0
2017-12-08,0.9956,0.9956,0.9956,0.9956,0,0
2017-12-11,0.99605,0.99605,0.99605,0.99605,0,0
2017-12-12,0.9961,0.9961,0.9961,0.9961,0,0
2017-12-13,1.00415,1.00415,1.00415,1.00415,0,0
2017-12-14,1.00625,1.00625,1.00625,1.00625,0,0
2017-12-15,1.00155,1.00155,1.00155,1.00155,0,0
2017-12-18,1.0017,1.0017,1.0017,1.0017,0,0
2017-12-19,1.00035,1.00035,1.00035,1.00035,0,0
2017-12-20,0.99525,0.99525,0.99525,0.99525,0,0
2017-12-21,0.99695,0.99695,0.99695,0.99695,0,0
2017-12-22,0.9989,0.9989,0.9989,0.9989,0,0
2017-12-26,0.99905,0.99905,0.99905,0.99905,0,0
2017-12-27,0.9958,0.9958,0.9958,0.9958,0,0
2017-12-28,0.9994,0.9994,0.9994,0.9994,0,0
2017-12-29,1.0012,1.0012,1.0012,1.0012,0,0
2018-01-02,1.0055,1.0055,1.0055,1.0055,0,0
2018-01-03,1.0013,1.0013,1.0013,1.0013,0,0
2018-01-04,1.001,1.001,1.001,1.001,0,0
2018-01-05,0.998,0.998,0.998,0.998,0,0
2018-01-08,0.99825,0.99825,0.99825,0.99825,0,0
2018-01-09,1.00275,1.00275,1.00275,1.00275,0,0
2018-01-10,1.0145,1.0145,1.0145,1.0145,0,0
2018-01-11,1.01765,1.01765,1.01765,1.01765,0,0
2018-01-12,1.0184,1.0184,1.0184,1.0184,0,0
2018-01-16,1.02625,1.02625,1.02625,1.02625,0,0
2018-01-17,1.02045,1.02045,1.02045,1.02045,0,0
2018-01-18,1.0226,1.0226,1.0226,1.0226,0,0
2018-01-19,1.0274,1.0274,1.0274,1.0274,0,0
2018-01-22,1.0252,1.0252,1.0252,1.0252,0,0
2018-01-23,1.0285,1.0285,1.0285,1.0285,0,0
2018-01-24,1.0403,1.0403,1.0403,1.0403,0,0
2018-01-25,1.037,1.037,1.037,1.037,0,0
2018-01-26,1.0465,1.0465,1.0465,1.0465,0,0
2018-01-29,1.045,1.045,1.045,1.045,0,0
2018-01-30,1.0464,1.0464,1.0464,1.0464,0,0
2018-01-31,1.04455,1.04455,1.04455,1.04455,0,0
2018-02-01,1.0428,1.0428,1.0428,1.0428,0,0
2018-02-02,1.03695,1.03695,1.03695,1.03695,0,0
2018-02-05,1.0404,1.0404,1.0404,1.0404,0,0
2018-02-06,1.0425,1.0425,1.0425,1.0425,0,0
2018-02-07,1.04265,1.04265,1.04265,1.04265,0,0
2018-02-08,1.0491,1.0491,1.0491,1.0491,0,0
2018-02-09,1.05105,1.05105,1.05105,1.05105,0,0
2018-02-12,1.05145,1.05145,1.05145,1.05145,0,0
2018-02-13,1.06135,1.06135,1.06135,1.06135,0,0
2018-02-14,1.07025,1.07025,1.07025,1.07025,0,0
2018-02-15,1.0784,1.0784,1.0784,1.0784,0,0
2018-02-16,1.07735,1.07735,1.07735,1.07735,0,0
2018-02-20,1.06975,1.06975,1.06975,1.06975,0,0
2018-02-21,1.06575,1.06575,1.06575,1.06575,0,0
2018-02-22,1.0771,1.0771,1.0771,1.0771,0,0
2018-02-23,1.0738,1.0738,1.0738,1.0738,0,0
2018-02-26,1.0707,1.0707,1.0707,1.0707,0,0
2018-02-27,1.06905,1.06905,1.06905,1.06905,0,0
2018-02-28,1.0742,1.0742,1.0742,1.0742,0,0
2018-03-01,1.0763,1.0763,1.0763,1.0763,0,0
2018-03-02,1.0831,1.0831,1.0831,1.0831,0,0
2018-03-05,1.0779,1.0779,1.0779,1.0779,0,0
2018-03-06,1.0787,1.0787,1.0787,1.0787,0,0
2018-03-07,1.0803,1.0803,1.0803,1.0803,0,0
2018-03-08,1.07715,1.07715,1.07715,1.07715,0,0
2018-03-09,1.0737,1.0737,1.0737,1.0737,0,0
2018-03-12,1.07705,1.07705,1.07705,1.07705,0,0
2018-03-13,1.074,1.074,1.074,1.074,0,0
2018-03-14,1.07665,1.07665,1.07665,1.07665,0,0
2018-03-15,1.07605,1.07605,1.07605,1.07605,0,0
2018-03-16,1.079,1.079,1.079,1.079,0,0
2018-03-19,1.0795,1.0795,1.0795,1.0795,0,0
2018-03-20,1.0756,1.0756,1.0756,1.0756,0,0
2018-03-21,1.07965,1.07965,1.07965,1.07965,0,0
2018-03-22,1.08195,1.08195,1.08195,1.08195,0,0
2018-03-23,1.09025,1.09025,1.09025,1.09025,0,0
2018-03-26,1.0859,1.0859,1.0859,1.0859,0,0
2018-03-27,1.0803,1.0803,1.0803,1.0803,0,0
2018-03-28,1.066,1.066,1.066,1.066,0,0
2018-03-29,1.06865,1.06865,1.06865,1.06865,0,0
2018-04-02,1.075,1.075,1.075,1.075,0,0
2018-04-03,1.06855,1.06855,1.06855,1.06855,0,0
2018-04-04,1.0679,1.0679,1.0679,1.0679,0,0
2018-04-05,1.0616,1.0616,1.0616,1.0616,0,0
2018-04-06,1.06525,1.06525,1.06525,1.06525,0,0
2018-04-09,1.06615,1.06615,1.06615,1.06615,0,0
2018-04-10,1.0624,1.0624,1.0624,1.0624,0,0
2018-04-11,1.0645,1.0645,1.0645,1.0645,0,0
2018-04-12,1.06365,1.06365,1.06365,1.06365,0,0
2018-04-13,1.0622,1.0622,1.0622,1.0622,0,0
2018-04-16,1.06535,1.06535,1.06535,1.06535,0,0
2018-04-17,1.06545,1.06545,1.06545,1.06545,0,0
2018-04-18,1.06445,1.06445,1.06445,1.06445,0,0
2018-04-19,1.06355,1.06355,1.06355,1.06355,0,0
2018-04-20,1.06265,1.06265,1.06265,1.06265,0,0
2018-04-23,1.05385,1.05385,1.05385,1.05385,0,0
2018-04-24,1.0525,1.0525,1.0525,1.0525,0,0
2018-04-25,1.04645,1.04645,1.04645,1.04645,0,0
2018-04-26,1.04595,1.04595,1.04595,1.04595,0,0
2018-04-27,1.0486,1.0486,1.0486,1.0486,0,0
2018-04-30,1.0461,1.0461,1.0461,1.0461,0,0
2018-05-01,1.0412,1.0412,1.0412,1.0412,0,0
2018-05-02,1.04225,1.04225,1.04225,1.04225,0,0
2018-05-03,1.0458,1.0458,1.0458,1.0458,0,0
2018-05-04,1.04685,1.04685,1.04685,1.04685,0,0
2018-05-07,1.04785,1.04785,1.04785,1.04785,0,0
2018-05-08,1.0479,1.0479,1.0479,1.0479,0,0
2018-05-09,1.0417,1.0417,1.0417,1.0417,0,0
2018-05-10,1.04435,1.04435,1.04435,1.04435,0,0
2018-05-11,1.0446,1.0446,1.0446,1.0446,0,0
2018-05-14,1.04095,1.04095,1.04095,1.04095,0,0
2018-05-15,1.03695,1.03695,1.03695,1.03695,0,0
2018-05-16,1.0387,1.0387,1.0387,1.0387,0,0
2018-05-17,1.03375,1.03375,1.03375,1.03375,0,0
2018-05-18,1.03315,1.03315,1.03315,1.03315,0,0
2018-05-21,1.02975,1.02975,1.02975,1.02975,0,0
2018-05-22,1.0309,1.0309,1.0309,1.0309,0,0
2018-05-23,1.0389,1.0389,1.0389,1.0389,0,0
2018-05-24,1.0434,1.0434,1.0434,1.0434,0,0
2018-05-25,1.04105,1.04105,1.04105,1.04105,0,0
2018-05-29,1.04825,1.04825,1.04825,1.04825,0,0
2018-05-30,1.0432,1.0432,1.0432,1.0432,0,0
2018-05-31,1.04535,1.04535,1.04535,1.04535,0,0
2018-06-01,1.0393,1.0393,1.0393,1.0393,0,0
2018-06-04,1.0387,1.0387,1.0387,1.0387,0,0
2018-06-05,1.0373,1.0373,1.0373,1.0373,0,0
2018-06-06,1.0355,1.0355,1.0355,1.0355,0,0
2018-06-07,1.03785,1.03785,1.03785,1.03785,0,0
2018-06-08,1.0404,1.0404,1.0404,1.0404,0,0
2018-06-11,1.0372,1.0372,1.0372,1.0372,0,0
2018-06-12,1.0335,1.0335,1.0335,1.0335,0,0
2018-06-13,1.0309,1.0309,1.0309,1.0309,0,0
2018-06-14,1.0306,1.0306,1.0306,1.0306,0,0
2018-06-15,1.0297,1.0297,1.0297,1.0297,0,0
2018-06-18,1.03105,1.03105,1.03105,1.03105,0,0
2018-06-19,1.03335,1.03335,1.03335,1.03335,0,0
2018-06-20,1.03075,1.03075,1.03075,1.03075,0,0
2018-06-21,1.03505,1.03505,1.03505,1.03505,0,0
2018-06-22,1.03535,1.03535,1.03535,1.03535,0,0
2018-06-25,1.0384,1.0384,1.0384,1.0384,0,0
2018-06-26,1.03085,1.03085,1.03085,1.03085,0,0
2018-06-27,1.0291,1.0291,1.0291,1.0291,0,0
2018-06-28,1.0258,1.0258,1.0258,1.0258,0,0
2018-06-29,1.02275,1.02275,1.02275,1.02275,0,0
2018-07-02,1.0237,1.0237,1.0237,1.0237,0,0
2018-07-03,1.025,1.025,1.025,1.025,0,0
2018-07-05,1.02425,1.02425,1.02425,1.02425,0,0
2018-07-06,1.02615,1.02615,1.02615,1.02615,0,0
2018-07-09,1.0233,1.0233,1.0233,1.0233,0,0
2018-07-10,1.019,1.019,1.019,1.019,0,0
2018-07-11,1.0109,1.0109,1.0109,1.0109,0,0
2018-07-12,1.007,1.007,1.007,1.007,0,0
2018-07-13,1.0074,1.0074,1.0074,1.0074,0,0
2018-07-16,1.00855,1.00855,1.00855,1.00855,0,0
2018-07-17,1.0043,1.0043,1.0043,1.0043,0,0
2018-07-18,1.00415,1.00415,1.00415,1.00415,0,0
2018-07-19,1.00685,1.00685,1.00685,1.00685,0,0
2018-07-20,1.01595,1.01595,1.01595,1.01595,0,0
2018-07-23,1.0173,1.0173,1.0173,1.0173,0,0
2018-07-24,1.01975,1.01975,1.01975,1.01975,0,0
2018-07-25,1.02295,1.02295,1.02295,1.02295,0,0
2018-07-26,1.02005,1.02005,1.02005,1.02005,0,0
2018-07-27,1.02195,1.02195,1.02195,1.02195,0,0
2018-07-30,1.0218,1.0218,1.0218,1.0218,0,0
2018-07-31,1.01455,1.01455,1.01455,1.01455,0,0
2018-08-01,1.0168,1.0168,1.0168,1.0168,0,0
2018-08-02,1.0152,1.0152,1.0152,1.0152,0,0
2018-08-03,1.01865,1.01865,1.01865,1.01865,0,0
2018-08-06,1.0167,1.0167,1.0167,1.0167,0,0
2018-08-07,1.0173,1.0173,1.0173,1.0173,0,0
2018-08-08,1.0212,1.0212,1.0212,1.0212,0,0
2018-08-09,1.0194,1.0194,1.0194,1.0194,0,0
2018-08-10,1.02045,1.02045,1.02045,1.02045,0,0
2018-08-13,1.02105,1.02105,1.02105,1.02105,0,0
2018-08-14,1.01645,1.01645,1.01645,1.01645,0,0
2018-08-15,1.0207,1.0207,1.0207,1.0207,0,0
2018-08-16,1.019,1.019,1.019,1.019,0,0
2018-08-17,1.02075,1.02075,1.02075,1.02075,0,0
2018-08-20,1.02415,1.02415,1.02415,1.02415,0,0
2018-08-21,1.0228,1.0228,1.0228,1.0228,0,0
2018-08-22,1.0205,1.0205,1.0205,1.0205,0,0
2018-08-23,1.01335,1.01335,1.01335,1.01335,0,0
2018-08-24,1.0146,1.0146,1.0146,1.0146,0,0
2018-08-27,1.01625,1.01625,1.01625,1.01625,0,0
2018-08-28,1.0161,1.0161,1.0161,1.0161,0,0
2018-08-29,1.01225,1.01225,1.01225,1.01225,0,0
2018-08-30,1.0176,1.0176,1.0176,1.0176,0,0
2018-08-31,1.0166,1.0166,1.0166,1.0166,0,0
2018-09-04,1.01375,1.01375,1.01375,1.01375,0,0
2018-09-05,1.01305,1.01305,1.01305,1.01305,0,0
2018-09-06,1.01845,1.01845,1.01845,1.01845,0,0
2018-09-07,1.01915,1.01915,1.01915,1.01915,0,0
2018-09-10,1.01705,1.01705,1.01705,1.01705,0,0
2018-09-11,1.0148,1.0148,1.0148,1.0148,0,0
2018-09-12,1.0177,1.0177,1.0177,1.0177,0,0
2018-09-13,1.01145,1.01145,1.01145,1.01145,0,0
2018-09-14,1.0113,1.0113,1.0113,1.0113,0,0
2018-09-17,1.0127,1.0127,1.0127,1.0127,0,0
2018-09-18,1.00855,1.00855,1.00855,1.00855,0,0
2018-09-19,1.0101,1.0101,1.0101,1.0101,0,0
2018-09-20,1.00795,1.00795,1.00795,1.00795,0,0
2018-09-21,1.0067,1.0067,1.0067,1.0067,0,0
2018-09-24,1.0053,1.0053,1.0053,1.0053,0,0
2018-09-25,1.0042,1.0042,1.0042,1.0042,0,0
2018-09-26,1.0042,1.0042,1.0042,1.0042,0,0
2018-09-27,0.99865,0.99865,0.99865,0.99865,0,0
2018-09-28,0.9961,0.9961,0.9961,0.9961,0,0
2018-10-01,0.99275,0.99275,0.99275,0.99275,0,0
2018-10-02,0.9953,0.9953,0.9953,0.9953,0,0
2018-10-03,0.9917,0.9917,0.9917,0.9917,0,0
2018-10-04,0.99635,0.99635,0.99635,0.99635,0,0
2018-10-05,0.99845,0.99845,0.99845,0.99845,0,0
2018-10-08,1.0053,1.0053,1.0053,1.0053,0,0
2018-10-09,1.0042,1.0042,1.0042,1.0042,0,0
2018-10-10,1.00845,1.00845,1.00845,1.00845,0,0
2018-10-11,1.01295,1.01295,1.01295,1.01295,0,0
2018-10-12,1.01195,1.01195,1.01195,1.01195,0,0
2018-10-15,1.01405,1.01405,1.01405,1.01405,0,0
2018-10-16,1.012,1.012,1.012,1.012,0,0
2018-10-17,1.00945,1.00945,1.00945,1.00945,0,0
2018-10-18,1.01195,1.01195,1.01195,1.01195,0,0
2018-10-19,1.0091,1.0091,1.0091,1.0091,0,0
2018-10-22,1.0064,1.0064,1.0064,1.0064,0,0
2018-10-23,1.00755,1.00755,1.00755,1.00755,0,0
2018-10-24,1.0072,1.0072,1.0072,1.0072,0,0
2018-10-25,1.0063,1.0063,1.0063,1.0063,0,0
2018-10-26,1.0116,1.0116,1.0116,1.0116,0,0
2018-10-29,1.00775,1.00775,1.00775,1.00775,0,0
2018-10-30,1.00135,1.00135,1.00135,1.00135,0,0
2018-10-31,1.0018,1.0018,1.0018,1.0018,0,0
2018-11-01,1.00425,1.00425,1.00425,1.00425,0,0
2018-11-02,1.0006,1.0006,1.0006,1.0006,0,0
2018-11-05,1.00175,1.00175,1.00175,1.00175,0,0
2018-11-06,1.0007,1.0007,1.0007,1.0007,0,0
2018-11-07,1.0007,1.0007,1.0007,1.0007,0,0
2018-11-08,0.99605,0.99605,0.99605,0.99605,0,0
2018-11-09,0.99695,0.99695,0.99695,0.99695,0,0
2018-11-12,0.99615,0.99615,0.99615,0.99615,0,0
2018-11-13,0.9954,0.9954,0.9954,0.9954,0,0
2018-11-14,0.9969,0.9969,0.9969,0.9969,0,0
2018-11-15,0.996,0.996,0.996,0.996,0,0
2018-11-16,1.0006,1.0006,1.0006,1.0006,0,0
2018-11-19,1.00195,1.00195,1.00195,1.00195,0,0
2018-11-20,1.00035,1.00035,1.00035,1.00035,0,0
2018-11-21,0.998,0.998,0.998,0.998,0,0
2018-11-23,0.9994,0.9994,0.9994,0.9994,0,0
2018-11-26,0.9924,0.9924,0.9924,0.9924,0,0
2018-11-27,0.9903,0.9903,0.9903,0.9903,0,0
2018-11-28,0.99155,0.99155,0.99155,0.99155,0,0
2018-11-29,0.9924,0.9924,0.9924,0.9924,0,0
2018-11-30,0.99085,0.99085,0.99085,0.99085,0,0
2018-12-03,0.9901,0.9901,0.9901,0.9901,0,0
2018-12-04,0.9967,0.9967,0.9967,0.9967,0,0
2018-12-06,0.99635,0.99635,0.99635,0.99635,0,0
2018-12-07,0.9947,0.9947,0.9947,0.9947,0,0
2018-12-10,0.98915,0.98915,0.98915,0.98915,0,0
2018-12-11,0.98755,0.98755,0.98755,0.98755,0,0
2018-12-12,0.9905,0.9905,0.9905,0.9905,0,0
2018-12-13,0.9857,0.9857,0.9857,0.9857,0,0
2018-12-14,0.98845,0.98845,0.98845,0.98845,0,0
2018-12-17,0.99235,0.99235,0.99235,0.99235,0,0
2018-12-18,0.99285,0.99285,0.99285,0.99285,0,0
2018-12-19,0.99355,0.99355,0.99355,0.99355,0,0
2018-12-20,1.0039,1.0039,1.0039,1.0039,0,0
2018-12-21,1.0015,1.0015,1.0015,1.0015,0,0
2018-12-24,1.0087,1.0087,1.0087,1.0087,0,0
2018-12-26,0.99785,0.99785,0.99785,0.99785,0,0
2018-12-27,1.004,1.004,1.004,1.004,0,0
2018-12-28,1.0058,1.0058,1.0058,1.0058,0,0
2018-12-31,1.0119,1.0119,1.0119,1.0119,0,0
2019-01-02,1.0162,1.0162,1.0162,1.0162,0,0
2019-01-03,1.02565,1.02565,1.02565,1.02565,0,0
2019-01-04,1.0218,1.0218,1.0218,1.0218,0,0
2019-01-07,1.02155,1.02155,1.02155,1.02155,0,0
2019-01-08,1.0225,1.0225,1.0225,1.0225,0,0
2019-01-09,1.02535,1.02535,1.02535,1.02535,0,0
2019-01-10,1.0242,1.0242,1.0242,1.0242,0,0
2019-01-11,1.02305,1.02305,1.02305,1.02305,0,0
2019-01-14,1.0261,1.0261,1.0261,1.0261,0,0
2019-01-15,1.02345,1.02345,1.02345,1.02345,0,0
2019-01-16,1.02005,1.02005,1.02005,1.02005,0,0
2019-01-17,1.01705,1.01705,1.01705,1.01705,0,0
2019-01-18,1.01445,1.01445,1.01445,1.01445,0,0
2019-01-22,1.01715,1.01715,1.01715,1.01715,0,0
2019-01-23,1.01465,1.01465,1.01465,1.01465,0,0
2019-01-24,1.01245,1.01245,1.01245,1.01245,0,0
2019-01-25,1.01455,1.01455,1.01455,1.01455,0,0
2019-01-28,1.01645,1.01645,1.01645,1.01645,0,0
2019-01-29,1.0168,1.0168,1.0168,1.0168,0,0
2019-01-30,1.0198,1.0198,1.0198,1.0198,0,0
2019-01-31,1.01615,1.01615,1.01615,1.01615,0,0
2019-02-01,1.0123,1.0123,1.0123,1.0123,0,0
2019-02-04,1.0093,1.0093,1.0093,1.0093,0,0
2019-02-05,1.00845,1.00845,1.00845,1.00845,0,0
2019-02-06,1.0081,1.0081,1.0081,1.0081,0,0
2019-02-07,1.008,1.008,1.008,1.008,0,0
2019-02-08,1.008,1.008,1.008,1.008,0,0
2019-02-11,1.00315,1.00315,1.00315,1.00315,0,0
2019-02-12,1.0023,1.0023,1.0023,1.0023,0,0
2019-02-13,0.9987,0.9987,0.9987,0.9987,0,0
2019-02-14,1.00185,1.00185,1.00185,1.00185,0,0
2019-02-15,1.00285,1.00285,1.00285,1.00285,0,0
2019-02-19,1.0003,1.0003,1.0003,1.0003,0,0
2019-02-20,0.9979,0.9979,0.9979,0.9979,0,0
2019-02-21,0.99995,0.99995,0.99995,0.99995,0,0
2019-02-22,0.998,0.998,0.998,0.998,0,0
2019-02-25,0.9946,0.9946,0.9946,0.9946,0,0
2019-02-26,0.9989,0.9989,0.9989,0.9989,0,0
2019-02-27,0.9946,0.9946,0.9946,0.9946,0,0
2019-02-28,0.9918,0.9918,0.9918,0.9918,0,0
2019-03-01,0.98705,0.98705,0.98705,0.98705,0,0
2019-03-04,0.98855,0.98855,0.98855,0.98855,0,0
2019-03-05,0.987,0.987,0.987,0.987,0,0
2019-03-06,0.9875,0.9875,0.9875,0.9875,0,0
2019-03-07,0.98835,0.98835,0.98835,0.98835,0,0
2019-03-08,0.99215,0.99215,0.99215,0.99215,0,0
2019-03-11,0.9912,0.9912,0.9912,0.9912,0,0
2019-03-12,0.9893,0.9893,0.9893,0.9893,0,0
2019-03-13,0.99155,0.99155,0.99155,0.99155,0,0
2019-03-14,0.98485,0.98485,0.98485,0.98485,0,0
2019-03-15,0.9868,0.9868,0.9868,0.9868,0,0
2019-03-18,0.9873,0.9873,0.9873,0.9873,0,0
2019-03-19,0.98715,0.98715,0.98715,0.98715,0,0
2019-03-20,0.99315,0.99315,0.99315,0.99315,0,0
2019-03-21,0.9895,0.9895,0.9895,0.9895,0,0
2019-03-22,0.99315,0.99315,0.99315,0.99315,0,0
2019-03-25,0.99035,0.99035,0.99035,0.99035,0,0
2019-03-26,0.98715,0.98715,0.98715,0.98715,0,0
2019-03-27,0.98705,0.98705,0.98705,0.98705,0,0
2019-03-28,0.986,0.986,0.986,0.986,0,0
2019-03-29,0.98575,0.98575,0.98575,0.98575,0,0
2019-04-01,0.9829,0.9829,0.9829,0.9829,0,0
2019-04-02,0.98205,0.98205,0.98205,0.98205,0,0
2019-04-03,0.9818,0.9818,0.9818,0.9818,0,0
2019-04-04,0.98015,0.98015,0.98015,0.98015,0,0
2019-04-05,0.9794,0.9794,0.9794,0.9794,0,0
2019-04-08,0.98155,0.98155,0.98155,0.98155,0,0
2019-04-09,0.98465,0.98465,0.98465,0.98465,0,0
2019-04-10,0.98485,0.98485,0.98485,0.98485,0,0
2019-04-11,0.9791,0.9791,0.9791,0.9791,0,0
2019-04-12,0.9766,0.9766,0.9766,0.9766,0,0
2019-04-15,0.977,0.977,0.977,0.977,0,0
2019-04-16,0.9778,0.9778,0.9778,0.9778,0,0
2019-04-17,0.9769,0.9769,0.9769,0.9769,0,0
2019-04-18,0.97705,0.97705,0.97705,0.97705,0,0
2019-04-22,0.97755,0.97755,0.97755,0.97755,0,0
2019-04-23,0.9776,0.9776,0.9776,0.9776,0,0
2019-04-24,0.97185,0.97185,0.97185,0.97185,0,0
2019-04-25,0.97795,0.97795,0.97795,0.97795,0,0
2019-04-26,0.9771,0.9771,0.9771,0.9771,0,0
2019-04-29,0.9765,0.9765,0.9765,0.9765,0,0
2019-04-30,0.97895,0.97895,0.97895,0.97895,0,0
2019-05-01,0.97665,0.97665,0.97665,0.97665,0,0
2019-05-02,0.9798,0.9798,0.9798,0.9798,0,0
2019-05-03,0.9829,0.9829,0.9829,0.9829,0,0
2019-05-06,0.98345,0.98345,0.98345,0.98345,0,0
2019-05-07,0.9879,0.9879,0.9879,0.9879,0,0
2019-05-08,0.9895,0.9895,0.9895,0.9895,0,0
2019-05-09,0.9924,0.9924,0.9924,0.9924,0,0
2019-05-10,0.99065,0.99065,0.99065,0.99065,0,0
2019-05-13,0.99345,0.99345,0.99345,0.99345,0,0
2019-05-14,0.99165,0.99165,0.99165,0.99165,0,0
2019-05-15,0.9909,0.9909,0.9909,0.9909,0,0
2019-05-16,0.9888,0.9888,0.9888,0.9888,0,0
2019-05-17,0.98645,0.98645,0.98645,0.98645,0,0
2019-05-20,0.9881,0.9881,0.9881,0.9881,0,0
2019-05-21,0.9824,0.9824,0.9824,0.9824,0,0
2019-05-22,0.9847,0.9847,0.9847,0.9847,0,0
2019-05-23,0.98905,0.98905,0.98905,0.98905,0,0
2019-05-24,0.9908,0.9908,0.9908,0.9908,0,0
2019-05-28,0.98855,0.98855,0.98855,0.98855,0,0
2019-05-29,0.98795,0.98795,0.98795,0.98795,0,0
2019-05-30,0.9865,0.9865,0.9865,0.9865,0,0
2019-05-31,0.99395,0.99395,0.99395,0.99395,0,0
2019-06-03,0.9943,0.9943,0.9943,0.9943,0,0
2019-06-04,0.9953,0.9953,0.9953,0.9953,0,0
2019-06-05,0.9917,0.9917,0.9917,0.9917,0,0
2019-06-06,0.9912,0.9912,0.9912,0.9912,0,0
2019-06-07,0.99395,0.99395,0.99395,0.99395,0,0
2019-06-10,0.99305,0.99305,0.99305,0.99305,0,0
2019-06-11,0.9925,0.9925,0.9925,0.9925,0,0
2019-06-12,0.99115,0.99115,0.99115,0.99115,0,0
2019-06-13,0.99125,0.99125,0.99125,0.99125,0,0
2019-06-14,0.9891,0.9891,0.9891,0.9891,0,0
2019-06-17,0.98945,0.98945,0.98945,0.98945,0,0
2019-06-18,0.9904,0.9904,0.9904,0.9904,0,0
2019-06-19,0.9962,0.9962,0.9962,0.9962,0,0
2019-06-20,0.9986,0.9986,0.9986,0.9986,0,0
2019-06-21,0.99855,0.99855,0.99855,0.99855,0,0
2019-06-24,0.9975,0.9975,0.9975,0.9975,0,0
2019-06-25,0.9985,0.9985,0.9985,0.9985,0,0
2019-06-26,0.99335,0.99335,0.99335,0.99335,0,0
2019-06-27,0.9934,0.9934,0.9934,0.9934,0,0
2019-06-28,0.99375,0.99375,0.99375,0.99375,0,0
2019-07-01,0.98885,0.98885,0.98885,0.98885,0,0
2019-07-02,0.994,0.994,0.994,0.994,0,0
2019-07-03,0.99305,0.99305,0.99305,0.99305,0,0
2019-07-05,0.9891,0.9891,0.9891,0.9891,0,0
2019-07-08,0.9873,0.9873,0.9873,0.9873,0,0
2019-07-09,0.9862,0.9862,0.9862,0.9862,0,0
2019-07-10,0.98865,0.98865,0.98865,0.98865,0,0
2019-07-11,0.9894,0.9894,0.9894,0.9894,0,0
2019-07-12,0.9953,0.9953,0.9953,0.9953,0,0
2019-07-15,0.9938,0.9938,0.9938,0.9938,0,0
2019-07-16,0.9902,0.9902,0.9902,0.9902,0,0
2019-07-17,0.99155,0.99155,0.99155,0.99155,0,0
2019-07-18,0.9962,0.9962,0.9962,0.9962,0,0
2019-07-19,0.99345,0.99345,0.99345,0.99345,0,0
2019-07-22,0.9926,0.9926,0.9926,0.9926,0,0
2019-07-23,0.9898,0.9898,0.9898,0.9898,0,0
2019-07-24,0.99035,0.99035,0.99035,0.99035,0,0
2019-07-25,0.9862,0.9862,0.9862,0.9862,0,0
2019-07-26,0.98735,0.98735,0.98735,0.98735,0,0
2019-07-29,0.9859,0.9859,0.9859,0.9859,0,0
2019-07-30,0.98885,0.98885,0.98885,0.98885,0,0
2019-07-31,0.986,0.986,0.986,0.986,0,0
2019-08-01,0.9952,0.9952,0.9952,0.9952,0,0
2019-08-02,1.00255,1.00255,1.00255,1.00255,0,0
2019-08-05,1.0034,1.0034,1.0034,1.0034,0,0
2019-08-06,0.99905,0.99905,0.99905,0.99905,0,0
2019-08-07,1.0009,1.0009,1.0009,1.0009,0,0
2019-08-08,1.0038,1.0038,1.0038,1.0038,0,0
2019-08-09,1.00805,1.00805,1.00805,1.00805,0,0
2019-08-12,1.00975,1.00975,1.00975,1.00975,0,0
2019-08-13,0.99935,0.99935,0.99935,0.99935,0,0
2019-08-14,1.0044,1.0044,1.0044,1.0044,0,0
2019-08-15,0.9995,0.9995,0.9995,0.9995,0,0
2019-08-16,0.9978,0.9978,0.9978,0.9978,0,0
2019-08-19,0.9954,0.9954,0.9954,0.9954,0,0
2019-08-20,0.9973,0.9973,0.9973,0.9973,0,0
2019-08-21,0.9955,0.9955,0.9955,0.9955,0,0
2019-08-22,0.99825,0.99825,0.99825,0.99825,0,0
2019-08-23,1.00665,1.00665,1.00665,1.00665,0,0
2019-08-26,0.9992,0.9992,0.9992,0.9992,0,0
2019-08-27,1.0019,1.0019,1.0019,1.0019,0,0
2019-08-28,0.99875,0.99875,0.99875,0.99875,0,0
2019-08-29,0.99385,0.99385,0.99385,0.99385,0,0
2019-08-30,0.9973,0.9973,0.9973,0.9973,0,0
2019-09-03,0.99715,0.99715,0.99715,0.99715,0,0
2019-09-04,0.99335,0.99335,0.99335,0.99335,0,0
2019-09-05,0.9905,0.9905,0.9905,0.9905,0,0
2019-09-06,0.9901,0.9901,0.9901,0.9901,0,0
2019-09-09,0.98935,0.98935,0.98935,0.98935,0,0
2019-09-10,0.9889,0.9889,0.9889,0.9889,0,0
2019-09-11,0.98565,0.98565,0.98565,0.98565,0,0
2019-09-12,0.98315,0.98315,0.98315,0.98315,0,0
2019-09-13,0.9841,0.9841,0.9841,0.9841,0,0
2019-09-16,0.9845,0.9845,0.9845,0.9845,0,0
2019-09-17,0.98265,0.98265,0.98265,0.98265,0,0
2019-09-18,0.98055,0.98055,0.98055,0.98055,0,0
2019-09-19,0.9849,0.9849,0.9849,0.9849,0,0
2019-09-20,0.98775,0.98775,0.98775,0.98775,0,0
2019-09-23,0.9879,0.9879,0.9879,0.9879,0,0
2019-09-24,0.9907,0.9907,0.9907,0.9907,0,0
2019-09-25,0.9848,0.9848,0.9848,0.9848,0,0
2019-09-26,0.9842,0.9842,0.9842,0.9842,0,0
2019-09-27,0.98335,0.98335,0.98335,0.98335,0,0
2019-09-30,0.98075,0.98075,0.98075,0.98075,0,0
2019-10-01,0.9817,0.9817,0.9817,0.9817,0,0
2019-10-02,0.98605,0.98605,0.98605,0.98605,0,0
2019-10-03,0.9869,0.9869,0.9869,0.9869,0,0
2019-10-04,0.98785,0.98785,0.98785,0.98785,0,0
2019-10-07,0.9846,0.9846,0.9846,0.9846,0,0
2019-10-08,0.9855,0.9855,0.9855,0.9855,0,0
2019-10-09,0.982,0.982,0.982,0.982,0,0
2019-10-10,0.98025,0.98025,0.98025,0.98025,0,0
2019-10-11,0.9767,0.9767,0.9767,0.9767,0,0
2019-10-14,0.9778,0.9778,0.9778,0.9778,0,0
2019-10-15,0.9736,0.9736,0.9736,0.9736,0,0
2019-10-16,0.9734,0.9734,0.9734,0.9734,0,0
2019-10-17,0.9741,0.9741,0.9741,0.9741,0,0
2019-10-18,0.9759,0.9759,0.9759,0.9759,0,0
2019-10-21,0.97525,0.97525,0.97525,0.97525,0,0
2019-10-22,0.9765,0.9765,0.9765,0.9765,0,0
2019-10-23,0.9739,0.9739,0.9739,0.9739,0,0
2019-10-24,0.974,0.974,0.974,0.974,0,0
2019-10-25,0.97385,0.97385,0.97385,0.97385,0,0
2019-10-28,0.971,0.971,0.971,0.971,0,0
2019-10-29,0.97275,0.97275,0.97275,0.97275,0,0
2019-10-30,0.97005,0.97005,0.97005,0.97005,0,0
2019-10-31,0.9764,0.9764,0.9764,0.9764,0,0
2019-11-01,0.9758,0.9758,0.9758,0.9758,0,0
2019-11-04,0.9736,0.9736,0.9736,0.9736,0,0
2019-11-05,0.9681,0.9681,0.9681,0.9681,0,0
2019-11-06,0.9694,0.9694,0.9694,0.9694,0,0
2019-11-07,0.96785,0.96785,0.96785,0.96785,0,0
2019-11-08,0.96875,0.96875,0.96875,0.96875,0,0
2019-11-11,0.97045,0.97045,0.97045,0.97045,0,0
2019-11-12,0.97035,0.97035,0.97035,0.97035,0,0
2019-11-13,0.9713,0.9713,0.9713,0.9713,0,0
2019-11-14,0.97335,0.97335,0.97335,0.97335,0,0
2019-11-15,0.96955,0.96955,0.96955,0.96955,0,0
2019-11-18,0.9703,0.9703,0.9703,0.9703,0,0
2019-11-19,0.97065,0.97065,0.97065,0.97065,0,0
2019-11-20,0.96925,0.96925,0.96925,0.96925,0,0
2019-11-21,0.9695,0.9695,0.9695,0.9695,0,0
2019-11-22,0.96965,0.96965,0.96965,0.96965,0,0
2019-11-25,0.9668,0.9668,0.9668,0.9668,0,0
2019-11-26,0.9658,0.9658,0.9658,0.9658,0,0
2019-11-27,0.96155,0.96155,0.96155,0.96155,0,0
2019-11-29,0.96255,0.96255,0.96255,0.96255,0,0
2019-12-02,0.9664,0.9664,0.9664,0.9664,0,0
2019-12-03,0.96765,0.96765,0.96765,0.96765,0,0
2019-12-04,0.96575,0.96575,0.96575,0.96575,0,0
2019-12-05,0.96755,0.96755,0.96755,0.96755,0,0
2019-12-06,0.9699,0.9699,0.9699,0.9699,0,0
2019-12-09,0.969,0.969,0.969,0.969,0,0
2019-12-10,0.9689,0.9689,0.9689,0.9689,0,0
2019-12-11,0.9704,0.9704,0.9704,0.9704,0,0
2019-12-12,0.96365,0.96365,0.96365,0.96365,0,0
2019-12-13,0.9629,0.9629,0.9629,0.9629,0,0
2019-12-16,0.96135,0.96135,0.96135,0.96135,0,0
2019-12-17,0.962,0.962,0.962,0.962,0,0
2019-12-18,0.96125,0.96125,0.96125,0.96125,0,0
2019-12-19,0.96315,0.96315,0.96315,0.96315,0,0
2019-12-20,0.96065,0.96065,0.96065,0.96065,0,0
2019-12-23,0.962,0.962,0.962,0.962,0,0
2019-12-24,0.96165,0.96165,0.96165,0.96165,0,0
2019-12-26,0.9593,0.9593,0.9593,0.9593,0,0
2019-12-27,0.96035,0.96035,0.96035,0.96035,0,0
2019-12-30,0.9659,0.9659,0.9659,0.9659,0,0
2019-12-31,0.96775,0.96775,0.96775,0.96775,0,0
2020-01-02,0.96805,0.96805,0.96805,0.96805,0,0
2020-01-03,0.97105,0.97105,0.97105,0.97105,0,0
2020-01-06,0.96735,0.96735,0.96735,0.96735,0,0
2020-01-07,0.96655,0.96655,0.96655,0.96655,0,0
2020-01-08,0.96135,0.96135,0.96135,0.96135,0,0
2020-01-09,0.95855,0.95855,0.95855,0.95855,0,0
2020-01-10,0.9582,0.9582,0.9582,0.9582,0,0
2020-01-13,0.95505,0.95505,0.95505,0.95505,0,0
2020-01-14,0.95355,0.95355,0.95355,0.95355,0,0
2020-01-15,0.95415,0.95415,0.95415,0.95415,0,0
2020-01-16,0.95225,0.95225,0.95225,0.95225,0,0
2020-01-17,0.95255,0.95255,0.95255,0.95255,0,0
2020-01-21,0.95445,0.95445,0.95445,0.95445,0,0
2020-01-22,0.95325,0.95325,0.95325,0.95325,0,0
2020-01-23,0.956,0.956,0.956,0.956,0,0
2020-01-24,0.9575,0.9575,0.9575,0.9575,0,0
2020-01-27,0.9595,0.9595,0.9595,0.9595,0,0
2020-01-28,0.9581,0.9581,0.9581,0.9581,0,0
2020-01-29,0.95825,0.95825,0.95825,0.95825,0,0
2020-01-30,0.95895,0.95895,0.95895,0.95895,0,0
2020-01-31,0.9624,0.9624,0.9624,0.9624,0,0
2020-02-03,0.96025,0.96025,0.96025,0.96025,0,0
2020-02-04,0.9546,0.9546,0.9546,0.9546,0,0
2020-02-05,0.9517,0.9517,0.9517,0.9517,0,0
2020-02-06,0.95015,0.95015,0.95015,0.95015,0,0
2020-02-07,0.95135,0.95135,0.95135,0.95135,0,0
2020-02-10,0.95115,0.95115,0.95115,0.95115,0,0
2020-02-11,0.95135,0.95135,0.95135,0.95135,0,0
2020-02-12,0.9488,0.9488,0.9488,0.9488,0,0
2020-02-13,0.95085,0.95085,0.95085,0.95085,0,0
2020-02-14,0.95055,0.95055,0.95055,0.95055,0,0
2020-02-18,0.9497,0.9497,0.9497,0.9497,0,0
2020-02-19,0.9356,0.9356,0.9356,0.9356,0,0
2020-02-20,0.93095,0.93095,0.93095,0.93095,0,0
2020-02-21,0.9337,0.9337,0.9337,0.9337,0,0
2020-02-24,0.939,0.939,0.939,0.939,0,0
2020-02-25,0.9448,0.9448,0.9448,0.9448,0,0
2020-02-26,0.9435,0.9435,0.9435,0.9435,0,0
2020-02-27,0.9445,0.9445,0.9445,0.9445,0,0
2020-02-28,0.9613,0.9613,0.9613,0.9613,0,0
2020-03-02,0.9598,0.9598,0.9598,0.9598,0,0
2020-03-03,0.96135,0.96135,0.96135,0.96135,0,0
2020-03-04,0.96065,0.96065,0.96065,0.96065,0,0
2020-03-05,0.96825,0.96825,0.96825,0.96825,0,0
2020-03-06,0.9806,0.9806,0.9806,0.9806,0,0
2020-03-09,1.01025,1.01025,1.01025,1.01025,0,0
2020-03-10,0.97945,0.97945,0.97945,0.97945,0,0
2020-03-11,0.9827,0.9827,0.9827,0.9827,0,0
2020-03-12,0.9786,0.9786,0.9786,0.9786,0,0
2020-03-13,0.95605,0.95605,0.95605,0.95605,0,0
2020-03-16,0.9709,0.9709,0.9709,0.9709,0,0
2020-03-17,0.954,0.954,0.954,0.954,0,0
2020-03-18,0.952,0.952,0.952,0.952,0,0
2020-03-19,0.92995,0.92995,0.92995,0.92995,0,0
2020-03-20,0.9234,0.9234,0.9234,0.9234,0,0
2020-03-23,0.92085,0.92085,0.92085,0.92085,0,0
2020-03-24,0.92385,0.92385,0.92385,0.92385,0,0
2020-03-25,0.9251,0.9251,0.9251,0.9251,0,0
2020-03-26,0.94025,0.94025,0.94025,0.94025,0,0
2020-03-27,0.9528,0.9528,0.9528,0.9528,0,0
2020-03-30,0.9503,0.9503,0.9503,0.9503,0,0
2020-03-31,0.9516,0.9516,0.9516,0.9516,0,0
2020-04-01,0.9543,0.9543,0.9543,0.9543,0,0
2020-04-02,0.94715,0.94715,0.94715,0.94715,0,0
2020-04-03,0.943,0.943,0.943,0.943,0,0
2020-04-06,0.93685,0.93685,0.93685,0.93685,0,0
2020-04-07,0.94025,0.94025,0.94025,0.94025,0,0
2020-04-08,0.94075,0.94075,0.94075,0.94075,0,0
2020-04-09,0.9438,0.9438,0.9438,0.9438,0,0
2020-04-13,0.95195,0.95195,0.95195,0.95195,0,0
2020-04-14,0.95425,0.95425,0.95425,0.95425,0,0
2020-04-15,0.95095,0.95095,0.95095,0.95095,0,0
2020-04-16,0.94905,0.94905,0.94905,0.94905,0,0
2020-04-17,0.94875,0.94875,0.94875,0.94875,0,0
2020-04-20,0.94875,0.94875,0.94875,0.94875,0,0
2020-04-21,0.9467,0.9467,0.9467,0.9467,0,0
2020-04-22,0.94645,0.94645,0.94645,0.94645,0,0
2020-04-23,0.9464,0.9464,0.9464,0.9464,0,0
2020-04-24,0.9479,0.9479,0.9479,0.9479,0,0
2020-04-27,0.9501,0.9501,0.9501,0.9501,0,0
2020-04-28,0.9537,0.9537,0.9537,0.9537,0,0
2020-04-29,0.95545,0.95545,0.95545,0.95545,0,0
2020-04-30,0.9497,0.9497,0.9497,0.9497,0,0
2020-05-01,0.95265,0.95265,0.95265,0.95265,0,0
2020-05-04,0.95375,0.95375,0.95375,0.95375,0,0
2020-05-05,0.9558,0.9558,0.9558,0.9558,0,0
2020-05-06,0.9597,0.9597,0.9597,0.9597,0,0
2020-05-07,0.9566,0.9566,0.9566,0.9566,0,0
2020-05-08,0.9529,0.9529,0.9529,0.9529,0,0
2020-05-11,0.9435,0.9435,0.9435,0.9435,0,0
2020-05-12,0.9476,0.9476,0.9476,0.9476,0,0
2020-05-13,0.9506,0.9506,0.9506,0.9506,0,0
2020-05-14,0.9483,0.9483,0.9483,0.9483,0,0
2020-05-15,0.94725,0.94725,0.94725,0.94725,0,0
2020-05-18,0.94685,0.94685,0.94685,0.94685,0,0
2020-05-19,0.94335,0.94335,0.94335,0.94335,0,0
2020-05-20,0.9454,0.9454,0.9454,0.9454,0,0
2020-05-21,0.9443,0.9443,0.9443,0.9443,0,0
2020-05-22,0.9446,0.9446,0.9446,0.9446,0,0
2020-05-26,0.94495,0.94495,0.94495,0.94495,0,0
2020-05-27,0.94345,0.94345,0.94345,0.94345,0,0
2020-05-28,0.94395,0.94395,0.94395,0.94395,0,0
2020-05-29,0.942,0.942,0.942,0.942,0,0
2020-06-01,0.94375,0.94375,0.94375,0.94375,0,0
2020-06-02,0.93415,0.93415,0.93415,0.93415,0,0
2020-06-03,0.9327,0.9327,0.9327,0.9327,0,0
2020-06-04,0.9311,0.9311,0.9311,0.9311,0,0
2020-06-05,0.92705,0.92705,0.92705,0.92705,0,0
2020-06-08,0.9379,0.9379,0.9379,0.9379,0,0
2020-06-09,0.9432,0.9432,0.9432,0.9432,0,0
2020-06-10,0.94845,0.94845,0.94845,0.94845,0,0
2020-06-11,0.9506,0.9506,0.9506,0.9506,0,0
2020-06-12,0.9451,0.9451,0.9451,0.9451,0,0
2020-06-15,0.94605,0.94605,0.94605,0.94605,0,0
2020-06-16,0.9466,0.9466,0.9466,0.9466,0,0
2020-06-17,0.94795,0.94795,0.94795,0.94795,0,0
2020-06-18,0.9498,0.9498,0.9498,0.9498,0,0
2020-06-19,0.94925,0.94925,0.94925,0.94925,0,0
2020-06-22,0.94885,0.94885,0.94885,0.94885,0,0
2020-06-23,0.953,0.953,0.953,0.953,0,0
2020-06-24,0.9488,0.9488,0.9488,0.9488,0,0
2020-06-25,0.94625,0.94625,0.94625,0.94625,0,0
2020-06-26,0.9459,0.9459,0.9459,0.9459,0,0
2020-06-29,0.94145,0.94145,0.94145,0.94145,0,0
2020-06-30,0.9387,0.9387,0.9387,0.9387,0,0
2020-07-01,0.94285,0.94285,0.94285,0.94285,0,0
2020-07-02,0.9418,0.9418,0.9418,0.9418,0,0
2020-07-06,0.9442,0.9442,0.9442,0.9442,0,0
2020-07-07,0.94225,0.94225,0.94225,0.94225,0,0
2020-07-08,0.94515,0.94515,0.94515,0.94515,0,0
2020-07-09,0.94465,0.94465,0.94465,0.94465,0,0
2020-07-10,0.94725,0.94725,0.94725,0.94725,0,0
2020-07-13,0.9443,0.9443,0.9443,0.9443,0,0
2020-07-14,0.94485,0.94485,0.94485,0.94485,0,0
2020-07-15,0.947,0.947,0.947,0.947,0,0
2020-07-16,0.9431,0.9431,0.9431,0.9431,0,0
2020-07-17,0.94675,0.94675,0.94675,0.94675,0,0
2020-07-20,0.9434,0.9434,0.9434,0.9434,0,0
2020-07-21,0.94805,0.94805,0.94805,0.94805,0,0
2020-07-22,0.94375,0.94375,0.94375,0.94375,0,0
2020-07-23,0.94815,0.94815,0.94815,0.94815,0,0
2020-07-24,0.9547,0.9547,0.9547,0.9547,0,0
2020-07-27,0.9604,0.9604,0.9604,0.9604,0,0
2020-07-28,0.96285,0.96285,0.96285,0.96285,0,0
2020-07-29,0.9633,0.9633,0.9633,0.9633,0,0
2020-07-30,0.9644,0.9644,0.9644,0.9644,0,0
2020-07-31,0.9559,0.9559,0.9559,0.9559,0,0
2020-08-03,0.95385,0.95385,0.95385,0.95385,0,0
2020-08-04,0.9555,0.9555,0.9555,0.9555,0,0
2020-08-05,0.95685,0.95685,0.95685,0.95685,0,0
2020-08-06,0.95725,0.95725,0.95725,0.95725,0,0
2020-08-07,0.95455,0.95455,0.95455,0.95455,0,0
2020-08-10,0.95455,0.95455,0.95455,0.95455,0,0
2020-08-11,0.9482,0.9482,0.9482,0.9482,0,0
2020-08-12,0.94645,0.94645,0.94645,0.94645,0,0
2020-08-13,0.94625,0.94625,0.94625,0.94625,0,0
2020-08-14,0.9494,0.9494,0.9494,0.9494,0,0
2020-08-17,0.954,0.954,0.954,0.954,0,0
2020-08-18,0.9596,0.9596,0.9596,0.9596,0,0
2020-08-19,0.95475,0.95475,0.95475,0.95475,0,0
2020-08-20,0.95595,0.95595,0.95595,0.95595,0,0
2020-08-21,0.9555,0.9555,0.9555,0.9555,0,0
2020-08-24,0.95405,0.95405,0.95405,0.95405,0,0
2020-08-25,0.9507,0.9507,0.9507,0.9507,0,0
2020-08-26,0.9534,0.9534,0.9534,0.9534,0,0
2020-08-27,0.9485,0.9485,0.9485,0.9485,0,0
2020-08-28,0.9591,0.9591,0.9591,0.9591,0,0
2020-08-31,0.955,0.955,0.955,0.955,0,0
2020-09-01,0.95415,0.95415,0.95415,0.95415,0,0
2020-09-02,0.95115,0.95115,0.95115,0.95115,0,0
2020-09-03,0.95335,0.95335,0.95335,0.95335,0,0
2020-09-04,0.95225,0.95225,0.95225,0.95225,0,0
2020-09-08,0.9537,0.9537,0.9537,0.9537,0,0
2020-09-09,0.9524,0.9524,0.9524,0.9524,0,0
2020-09-10,0.95285,0.95285,0.95285,0.95285,0,0
2020-09-11,0.95285,0.95285,0.95285,0.95285,0,0
2020-09-14,0.9563,0.9563,0.9563,0.9563,0,0
2020-09-15,0.95865,0.95865,0.95865,0.95865,0,0
2020-09-16,0.96235,0.96235,0.96235,0.96235,0,0
2020-09-17,0.9653,0.9653,0.9653,0.9653,0,0
2020-09-18,0.9668,0.9668,0.9668,0.9668,0,0
2020-09-21,0.9644,0.9644,0.9644,0.9644,0,0
2020-09-22,0.96315,0.96315,0.96315,0.96315,0,0
2020-09-23,0.95875,0.95875,0.95875,0.95875,0,0
2020-09-24,0.95855,0.95855,0.95855,0.95855,0,0
2020-09-25,0.95675,0.95675,0.95675,0.95675,0,0
2020-09-28,0.95755,0.95755,0.95755,0.95755,0,0
2020-09-29,0.95595,0.95595,0.95595,0.95595,0,0
2020-09-30,0.9577,0.9577,0.9577,0.9577,0,0
2020-10-01,0.95685,0.95685,0.95685,0.95685,0,0
2020-10-02,0.95825,0.95825,0.95825,0.95825,0,0
2020-10-05,0.9552,0.9552,0.9552,0.9552,0,0
2020-10-06,0.95665,0.95665,0.95665,0.95665,0,0
2020-10-07,0.95245,0.95245,0.95245,0.95245,0,0
2020-10-08,0.9524,0.9524,0.9524,0.9524,0,0
2020-10-09,0.956,0.956,0.956,0.956,0,0
2020-10-12,0.95865,0.95865,0.95865,0.95865,0,0
2020-10-13,0.9573,0.9573,0.9573,0.9573,0,0
2020-10-14,0.96085,0.96085,0.96085,0.96085,0,0
2020-10-15,0.95765,0.95765,0.95765,0.95765,0,0
2020-10-16,0.95825,0.95825,0.95825,0.95825,0,0
2020-10-19,0.9576,0.9576,0.9576,0.9576,0,0
2020-10-20,0.95745,0.95745,0.95745,0.95745,0,0
2020-10-21,0.9657,0.9657,0.9657,0.9657,0,0
2020-10-22,0.96275,0.96275,0.96275,0.96275,0,0
2020-10-23,0.96375,0.96375,0.96375,0.96375,0,0
2020-10-26,0.9627,0.9627,0.9627,0.9627,0,0
2020-10-27,0.96625,0.96625,0.96625,0.96625,0,0
2020-10-28,0.96755,0.96755,0.96755,0.96755,0,0
2020-10-29,0.9644,0.9644,0.9644,0.9644,0,0
2020-10-30,0.96415,0.96415,0.96415,0.96415,0,0
2020-11-02,0.96285,0.96285,0.96285,0.96285,0,0
2020-11-03,0.9651,0.9651,0.9651,0.9651,0,0
2020-11-04,0.9662,0.9662,0.9662,0.9662,0,0
2020-11-05,0.975,0.975,0.975,0.975,0,0
2020-11-06,0.9775,0.9775,0.9775,0.9775,0,0
2020-11-09,0.9573,0.9573,0.9573,0.9573,0,0
2020-11-10,0.95855,0.95855,0.95855,0.95855,0,0
2020-11-11,0.95715,0.95715,0.95715,0.95715,0,0
2020-11-12,0.96025,0.96025,0.96025,0.96025,0,0
2020-11-13,0.9644,0.9644,0.9644,0.9644,0,0
2020-11-16,0.965,0.965,0.965,0.965,0,0
2020-11-17,0.9683,0.9683,0.9683,0.9683,0,0
2020-11-18,0.97195,0.97195,0.97195,0.97195,0,0
2020-11-19,0.97215,0.97215,0.97215,0.97215,0,0
2020-11-20,0.9719,0.9719,0.9719,0.9719,0,0
2020-11-23,0.9656,0.9656,0.9656,0.9656,0,0
2020-11-24,0.965,0.965,0.965,0.965,0,0
2020-11-25,0.96625,0.96625,0.96625,0.96625,0,0
2020-11-27,0.96975,0.96975,0.96975,0.96975,0,0
2020-11-30,0.96675,0.96675,0.96675,0.96675,0,0
2020-12-01,0.96625,0.96625,0.96625,0.96625,0,0
2020-12-02,0.96485,0.96485,0.96485,0.96485,0,0
2020-12-03,0.97025,0.97025,0.97025,0.97025,0,0
2020-12-04,0.969,0.969,0.969,0.969,0,0
2020-12-07,0.97005,0.97005,0.97005,0.97005,0,0
2020-12-08,0.96845,0.96845,0.96845,0.96845,0,0
2020-12-09,0.9676,0.9676,0.9676,0.9676,0,0
2020-12-10,0.9678,0.9678,0.9678,0.9678,0,0
2020-12-11,0.96935,0.96935,0.96935,0.96935,0,0
2020-12-14,0.96875,0.96875,0.96875,0.96875,0,0
2020-12-15,0.9723,0.9723,0.9723,0.9723,0,0
2020-12-16,0.9729,0.9729,0.9729,0.9729,0,0
2020-12-17,0.9778,0.9778,0.9778,0.9778,0,0
2020-12-18,0.97595,0.97595,0.97595,0.97595,0,0
2020-12-21,0.97585,0.97585,0.97585,0.97585,0,0
2020-12-22,0.9727,0.9727,0.9727,0.9727,0,0
2020-12-23,0.9731,0.9731,0.9731,0.9731,0,0
2020-12-24,0.9724,0.9724,0.9724,0.9724,0,0
2020-12-28,0.97075,0.97075,0.97075,0.97075,0,0
2020-12-29,0.9736,0.9736,0.9736,0.9736,0,0
2020-12-30,0.97595,0.97595,0.97595,0.97595,0,0
2020-12-31,0.9756,0.9756,0.9756,0.9756,0,0
2021-01-04,0.9771,0.9771,0.9771,0.9771,0,0
2021-01-05,0.9815,0.9815,0.9815,0.9815,0,0
2021-01-06,0.9771,0.9771,0.9771,0.9771,0,0
2021-01-07,0.97015,0.97015,0.97015,0.97015,0,0
2021-01-08,0.96975,0.96975,0.96975,0.96975,0,0
2021-01-11,0.96745,0.96745,0.96745,0.96745,0,0
2021-01-12,0.97065,0.97065,0.97065,0.97065,0,0
2021-01-13,0.97005,0.97005,0.97005,0.97005,0,0
2021-01-14,0.97075,0.97075,0.97075,0.97075,0,0
2021-01-15,0.96995,0.96995,0.96995,0.96995,0,0
2021-01-19,0.9698,0.9698,0.9698,0.9698,0,0
2021-01-20,0.9731,0.9731,0.9731,0.9731,0,0
2021-01-21,0.9732,0.9732,0.9732,0.9732,0,0
2021-01-22,0.97025,0.97025,0.97025,0.97025,0,0
2021-01-25,0.97045,0.97045,0.97045,0.97045,0,0
2021-01-26,0.9719,0.9719,0.9719,0.9719,0,0
2021-01-27,0.96705,0.96705,0.96705,0.96705,0,0
2021-01-28,0.9662,0.9662,0.9662,0.9662,0,0
2021-01-29,0.9614,0.9614,0.9614,0.9614,0,0
2021-02-01,0.9594,0.9594,0.9594,0.9594,0,0
2021-02-02,0.9582,0.9582,0.9582,0.9582,0,0
2021-02-03,0.9584,0.9584,0.9584,0.9584,0,0
2021-02-04,0.9541,0.9541,0.9541,0.9541,0,0
2021-02-05,0.95465,0.95465,0.95465,0.95465,0,0
2021-02-08,0.95665,0.95665,0.95665,0.95665,0,0
2021-02-09,0.96275,0.96275,0.96275,0.96275,0,0
2021-02-10,0.9618,0.9618,0.9618,0.9618,0,0
2021-02-11,0.9607,0.9607,0.9607,0.9607,0,0
2021-02-12,0.95885,0.95885,0.95885,0.95885,0,0
2021-02-16,0.95055,0.95055,0.95055,0.95055,0,0
2021-02-17,0.9503,0.9503,0.9503,0.9503,0,0
2021-02-18,0.95215,0.95215,0.95215,0.95215,0,0
2021-02-19,0.9539,0.9539,0.9539,0.9539,0,0
2021-02-22,0.9582,0.9582,0.9582,0.9582,0,0
2021-02-23,0.95545,0.95545,0.95545,0.95545,0,0
2021-02-24,0.9499,0.9499,0.9499,0.9499,0,0
2021-02-25,0.9476,0.9476,0.9476,0.9476,0,0
2021-02-26,0.94425,0.94425,0.94425,0.94425,0,0
2021-03-01,0.94275,0.94275,0.94275,0.94275,0,0
2021-03-02,0.94295,0.94295,0.94295,0.94295,0,0
2021-03-03,0.9411,0.9411,0.9411,0.9411,0,0
2021-03-04,0.93305,0.93305,0.93305,0.93305,0,0
2021-03-05,0.92945,0.92945,0.92945,0.92945,0,0
2021-03-08,0.9247,0.9247,0.9247,0.9247,0,0
2021-03-09,0.92815,0.92815,0.92815,0.92815,0,0
2021-03-10,0.9288,0.9288,0.9288,0.9288,0,0
2021-03-11,0.92825,0.92825,0.92825,0.92825,0,0
2021-03-12,0.9231,0.9231,0.9231,0.9231,0,0
2021-03-15,0.9223,0.9223,0.9223,0.9223,0,0
2021-03-16,0.9236,0.9236,0.9236,0.9236,0,0
2021-03-17,0.9248,0.9248,0.9248,0.9248,0,0
2021-03-18,0.92345,0.92345,0.92345,0.92345,0,0
2021-03-19,0.92435,0.92435,0.92435,0.92435,0,0
2021-03-22,0.92515,0.92515,0.92515,0.92515,0,0
2021-03-23,0.92565,0.92565,0.92565,0.92565,0,0
2021-03-24,0.926,0.926,0.926,0.926,0,0
2021-03-25,0.92225,0.92225,0.92225,0.92225,0,0
2021-03-26,0.91745,0.91745,0.91745,0.91745,0,0
2021-03-29,0.91645,0.91645,0.91645,0.91645,0,0
2021-03-30,0.9121,0.9121,0.9121,0.9121,0,0
2021-03-31,0.9087,0.9087,0.9087,0.9087,0,0
2021-04-01,0.90975,0.90975,0.90975,0.90975,0,0
2021-04-05,0.91365,0.91365,0.91365,0.91365,0,0
2021-04-06,0.9161,0.9161,0.9161,0.9161,0,0
2021-04-07,0.91795,0.91795,0.91645,0.91645,1,1
2021-04-08,0.9209,0.9209,0.9209,0.9209,0,1
2021-04-09,0.9175,0.9175,0.9175,0.9175,0,1
2021-04-12,0.9194,0.9194,0.9194,0.9194,0,1
2021-04-13,0.92235,0.92235,0.92235,0.92235,0,1
2021-04-14,0.92355,0.92355,0.92355,0.92355,0,1
2021-04-15,0.92575,0.92575,0.92575,0.92575,0,1
2021-04-16,0.9217,0.92465,0.9217,0.92465,1,1
2021-04-19,0.9304,0.9304,0.9304,0.9304,0,1
2021-04-20,0.9302,0.9302,0.9302,0.9302,0,1
2021-04-21,0.93025,0.93025,0.93025,0.93025,0,1
2021-04-22,0.9303,0.9303,0.9303,0.9303,0,1
2021-04-23,0.93175,0.93175,0.93175,0.93175,0,1
2021-04-26,0.9302,0.9302,0.9302,0.9302,0,1
2021-04-27,0.9248,0.9248,0.9248,0.9248,0,1
2021-04-28,0.9253,0.9253,0.9253,0.9253,0,1
2021-04-29,0.92355,0.92355,0.92355,0.92355,0,1
2021-04-30,0.9198,0.9198,0.9198,0.9198,0,1
2021-05-03,0.9214,0.9214,0.9214,0.9214,0,1
2021-05-04,0.91975,0.91975,0.91975,0.91975,0,1
2021-05-05,0.92005,0.92005,0.92005,0.92005,0,1
2021-05-06,0.92165,0.92165,0.92165,0.92165,0,1
2021-05-07,0.9251,0.9251,0.9251,0.9251,0,1
2021-05-10,0.92345,0.92345,0.92345,0.92345,0,1
2021-05-11,0.92485,0.92485,0.92485,0.92485,0,1
2021-05-12,0.9165,0.91685,0.9165,0.91685,1,1
2021-05-13,0.91795,0.91795,0.91795,0.91795,0,1
2021-05-14,0.91875,0.91875,0.91875,0.91875,0,1
2021-05-17,0.92015,0.92015,0.92015,0.92015,0,1
2021-05-18,0.92275,0.92275,0.92275,0.92275,0,1
2021-05-19,0.91985,0.91985,0.91985,0.91985,0,1
2021-05-20,0.92475,0.92475,0.9231,0.9231,1,1
2021-05-21,0.92205,0.92205,0.92205,0.92205,1,1
2021-05-24,0.92315,0.92315,0.92315,0.92315,0,1
2021-05-25,0.92365,0.92365,0.92365,0.92365,0,1
2021-05-26,0.92,0.92,0.92,0.92,0,1
2021-05-27,0.9143,0.9143,0.9143,0.9143,0,1
2021-05-28,0.91425,0.91425,0.91425,0.91425,0,1
2021-06-01,0.91725,0.91725,0.91725,0.91725,0,1
2021-06-02,0.9161,0.9161,0.9161,0.9161,0,1
2021-06-03,0.91,0.91,0.91,0.91,0,1
2021-06-04,0.9166,0.9166,0.9166,0.9166,0,1
2021-06-07,0.9188,0.9188,0.9188,0.9188,0,1
2021-06-08,0.91675,0.91675,0.91675,0.91675,0,1
2021-06-09,0.9161,0.9161,0.9161,0.9161,0,1
2021-06-10,0.91725,0.91725,0.91725,0.91725,0,1
2021-06-11,0.9149,0.9149,0.9149,0.9149,0,1
2021-06-14,0.9117,0.9117,0.9117,0.9117,0,1
2021-06-15,0.9117,0.9117,0.9117,0.9117,0,1
2021-06-16,0.9084,0.9084,0.9084,0.9084,0,1
2021-06-17,0.91045,0.91045,0.91045,0.91045,0,1
2021-06-18,0.9115,0.9115,0.9115,0.9115,0,1
2021-06-21,0.91065,0.91065,0.91065,0.91065,0,1
2021-06-22,0.9077,0.9077,0.9077,0.9077,0,1
2021-06-23,0.9048,0.9048,0.9048,0.9048,0,1
2021-06-24,0.90565,0.90565,0.90565,0.90565,0,1
2021-06-25,0.90585,0.90585,0.90585,0.90585,0,1
2021-06-28,0.90825,0.90825,0.90825,0.90825,0,1
2021-06-29,0.9086,0.9086,0.9086,0.9086,0,1
2021-06-30,0.9037,0.9037,0.9037,0.9037,0,1
2021-07-01,0.89935,0.89935,0.89935,0.89935,0,1
2021-07-02,0.90255,0.90255,0.90255,0.90255,0,1
2021-07-06,0.90675,0.9074,0.90675,0.9074,3,2
2021-07-07,0.9103,0.9103,0.90745,0.90745,1,1
2021-07-08,0.91415,0.91415,0.91415,0.91415,0,1
2021-07-09,0.91125,0.91125,0.91125,0.91125,0,1
2021-07-12,0.90985,0.90985,0.90985,0.90985,0,1
2021-07-13,0.9076,0.9076,0.9076,0.9076,0,1
2021-07-14,0.9124,0.9124,0.9124,0.9124,0,1
2021-07-15,0.9139,0.9139,0.9139,0.9139,0,1
2021-07-16,0.9118,0.9118,0.9118,0.9118,0,1
2021-07-19,0.9168,0.9168,0.9168,0.9168,0,1
2021-07-20,0.91395,0.91395,0.91395,0.91395,0,1
2021-07-21,0.91025,0.91025,0.91025,0.91025,0,1
2021-07-22,0.91115,0.91115,0.91115,0.91115,0,1
2021-07-23,0.9077,0.9077,0.9077,0.9077,0,1
2021-07-26,0.9092,0.9092,0.9092,0.9092,0,1
2021-07-27,0.9147,0.9147,0.9147,0.9147,0,1
2021-07-28,0.91245,0.91245,0.91245,0.91245,0,1
2021-07-29,0.9166,0.9166,0.9166,0.9166,0,1
2021-07-30,0.914,0.914,0.914,0.914,0,1
2021-08-02,0.9183,0.9183,0.9183,0.9183,0,1
2021-08-03,0.91945,0.91945,0.91945,0.91945,0,1
2021-08-04,0.91635,0.91635,0.91635,0.91635,0,1
2021-08-05,0.91405,0.91405,0.91405,0.91405,0,1
2021-08-06,0.9102,0.9102,0.9102,0.9102,0,1
2021-08-09,0.90965,0.90965,0.90965,0.90965,0,1
2021-08-10,0.90735,0.90735,0.90735,0.90735,0,1
2021-08-11,0.90835,0.90835,0.90835,0.90835,0,1
2021-08-12,0.90825,0.90825,0.90825,0.90825,0,1
2021-08-13,0.91535,0.91535,0.91535,0.91535,0,1
2021-08-16,0.91845,0.91845,0.91845,0.91845,0,1
2021-08-17,0.91565,0.91565,0.91565,0.91565,0,1
2021-08-18,0.91305,0.91305,0.91305,0.91305,0,1
2021-08-19,0.91375,0.91375,0.91375,0.91375,0,1
2021-08-20,0.9137,0.9137,0.9137,0.9137,0,1
2021-08-23,0.91465,0.91465,0.91465,0.91465,0,1
2021-08-24,0.91455,0.91455,0.91455,0.91455,0,1
2021-08-25,0.91215,0.91215,0.91215,0.91215,0,1
2021-08-26,0.9118,0.9118,0.9118,0.9118,0,1
2021-08-27,0.9134,0.9134,0.9134,0.9134,0,1
2021-08-30,0.91285,0.91285,0.91285,0.91285,0,1
2021-08-31,0.91195,0.91195,0.91195,0.91195,0,1
2021-09-01,0.91245,0.91245,0.91245,0.91245,0,1
2021-09-02,0.9121,0.9121,0.9121,0.9121,0,1
2021-09-03,0.91485,0.91485,0.91485,0.91485,0,1
2021-09-07,0.90935,0.90935,0.90935,0.90935,0,1
2021-09-08,0.9098,0.9098,0.9098,0.9098,0,1
2021-09-09,0.9142,0.9142,0.9142,0.9142,0,1
2021-09-10,0.9124,0.9124,0.9124,0.9124,0,1
2021-09-13,0.91155,0.91155,0.91155,0.91155,0,1
2021-09-14,0.91475,0.91475,0.91475,0.91475,0,1
2021-09-15,0.91665,0.91665,0.91665,0.91665,0,1
2021-09-16,0.91405,0.91405,0.91405,0.91405,0,1
2021-09-17,0.9122,0.9122,0.9122,0.9122,0,1
2021-09-20,0.9169,0.9169,0.9169,0.9169,0,1
2021-09-21,0.9181,0.9181,0.9181,0.9181,0,1
2021-09-22,0.9126,0.9126,0.9126,0.9126,0,1
2021-09-23,0.90955,0.90955,0.90955,0.90955,0,1
2021-09-24,0.9049,0.9049,0.9049,0.9049,0,1
2021-09-27,0.9031,0.9031,0.9031,0.9031,0,1
2021-09-28,0.89835,0.89835,0.89835,0.89835,0,1
2021-09-29,0.8951,0.8951,0.8951,0.8951,0,1
2021-09-30,0.8998,0.8998,0.8998,0.8998,0,1
2021-10-01,0.90265,0.90265,0.90265,0.90265,0,1
2021-10-04,0.9038,0.9038,0.9038,0.9038,0,1
2021-10-05,0.8991,0.8991,0.8991,0.8991,0,1
2021-10-06,0.8996,0.8996,0.8996,0.8996,0,1
2021-10-07,0.8998,0.8998,0.8981,0.8981,2,3
2021-10-08,0.8963,0.8963,0.89345,0.89345,2,5
2021-10-11,0.8859,0.88615,0.8845,0.8845,10,6
2021-10-12,0.8842,0.8842,0.882,0.882,1,5
2021-10-13,0.8844,0.8844,0.8844,0.8844,0,5
2021-10-14,0.8848,0.8848,0.88205,0.88205,1,5
2021-10-15,0.87855,0.8786,0.87755,0.87755,3,7
2021-10-18,0.8776,0.8776,0.8776,0.8776,0,7
2021-10-19,0.87715,0.87715,0.87715,0.87715,1,6
2021-10-20,0.87795,0.87795,0.87795,0.87795,0,6
2021-10-21,0.8801,0.8801,0.8801,0.8801,1,6
2021-10-22,0.8795,0.88405,0.8795,0.88405,1,6
2021-10-25,0.8822,0.8822,0.8818,0.8818,5,5
2021-10-26,0.8784,0.8784,0.8784,0.8784,0,5
2021-10-27,0.8788,0.88355,0.8788,0.88145,6,5
2021-10-28,0.8841,0.8841,0.8841,0.8841,2,5
2021-10-29,0.8792,0.88015,0.8792,0.88015,2,7
2021-11-01,0.87975,0.87975,0.87975,0.87975,0,7
2021-11-02,0.8818,0.8818,0.8798,0.8798,2,5
2021-11-03,0.88015,0.88015,0.88015,0.88015,0,5
2021-11-04,0.87925,0.8815,0.8783,0.8815,54,52
2021-11-05,0.882,0.88415,0.87955,0.88415,3,52
2021-11-08,0.8855,0.8855,0.88545,0.88545,2,52
2021-11-09,0.88885,0.88885,0.8886,0.8886,1,51
2021-11-10,0.8809,0.881,0.8809,0.881,83,91
2021-11-11,0.87935,0.87985,0.87895,0.87895,16,96
2021-11-12,0.88,0.88,0.88,0.88,0,96
2021-11-15,0.8789,0.8789,0.8789,0.8789,0,96
2021-11-16,0.87755,0.87825,0.8741,0.87445,106,157
2021-11-17,0.87595,0.8788,0.87545,0.8788,8,157
2021-11-18,0.87965,0.87965,0.87765,0.87765,3,157
2021-11-19,0.8801,0.88235,0.88005,0.88005,2,157
2021-11-22,0.87445,0.87445,0.87255,0.87255,10,162
2021-11-23,0.87145,0.8742,0.87145,0.8716,11,162
2021-11-24,0.8729,0.8729,0.8686,0.8686,4,161
2021-11-26,0.8847,0.8866,0.8847,0.8866,5,163
2021-11-29,0.885,0.88655,0.8817,0.8817,10,161
2021-11-30,0.8827,0.8894,0.8827,0.88645,38,159
2021-12-01,0.8838,0.889,0.883,0.88895,15,161
2021-12-02,0.88755,0.8883,0.88575,0.88575,8,166
2021-12-03,0.8858,0.89,0.8828,0.89,8,166
2021-12-06,0.88625,0.88625,0.8832,0.8832,78,169
2021-12-07,0.882,0.88265,0.8815,0.8822,8,175
2021-12-08,0.88435,0.88435,0.881,0.88185,114,257
2021-12-09,0.8809,0.88375,0.8809,0.88325,176,407
2021-12-10,0.8845,0.8845,0.8834,0.88365,109,509
2021-12-13,0.88285,0.88295,0.8815,0.88295,52,559
2021-12-14,0.8822,0.88235,0.8812,0.8812,7,563
2021-12-15,0.8816,0.8816,0.87895,0.87895,7,566
2021-12-16,0.87845,0.88245,0.87815,0.88245,24,571
2021-12-17,0.8831,0.8858,0.88135,0.88165,19,571
2021-12-20,0.8826,0.883,0.88135,0.88135,12,571
2021-12-21,0.8819,0.8819,0.878,0.87825,6,571
2021-12-22,0.8782,0.8783,0.8767,0.8778,65,599
2021-12-23,0.8777,0.8777,0.87585,0.87585,28,599
2021-12-27,0.87235,0.87245,0.872,0.872,12,603
2021-12-28,0.87215,0.8727,0.87215,0.8727,7,607
2021-12-29,0.87295,0.87295,0.8716,0.8716,7,603
2021-12-30,0.8712,0.8712,0.86995,0.87075,14,612
2021-12-31,0.8707,0.87105,0.8699,0.87105,12,609
2022-01-03,0.87,0.87085,0.8686,0.8688,22,597
2022-01-04,0.86875,0.86875,0.8612,0.86275,53,598
2022-01-05,0.8621,0.8655,0.8621,0.8625,22,589
2022-01-06,0.86595,0.86595,0.8641,0.8641,10,588
2022-01-07,0.864,0.86715,0.864,0.867,350,867
2022-01-10,0.8666,0.87005,0.86515,0.8697,1067,989
2022-01-11,0.86835,0.86865,0.86625,0.86865,149,1090
2022-01-12,0.86865,0.87585,0.8682,0.87585,293,1217
2022-01-13,0.8737,0.8788,0.8736,0.87835,192,1291
2022-01-14,0.8779,0.8826,0.87705,0.87775,191,1400
2022-01-18,0.87485,0.87485,0.87095,0.87425,166,1425
2022-01-19,0.8744,0.8771,0.8736,0.8771,38,1423
2022-01-20,0.876,0.879,0.8748,0.87755,23,1426
2022-01-21,0.87835,0.8819,0.87835,0.88155,23,1426
2022-01-24,0.88075,0.8831,0.88,0.88065,36,1440
2022-01-25,0.87905,0.8811,0.878,0.87955,18,1441
2022-01-26,0.88015,0.88015,0.8738,0.87475,107,1438
2022-01-27,0.87385,0.8751,0.8681,0.86915,34,1452
2022-01-28,0.8682,0.87035,0.8666,0.86975,47,1452
2022-01-31,0.86855,0.87145,0.86725,0.87145,22,1460
2022-02-01,0.87045,0.874,0.87045,0.87365,26,1471
2022-02-02,0.8748,0.877,0.8748,0.87605,51,1490
2022-02-03,0.8749,0.87495,0.8716,0.8718,134,1496
2022-02-04,0.87115,0.8725,0.8683,0.8696,134,1496
2022-02-07,0.8694,0.87175,0.86935,0.87095,24,1506
2022-02-08,0.86995,0.86995,0.86695,0.86745,64,1520
2022-02-09,0.8669,0.8687,0.866,0.8679,126,1602
2022-02-10,0.86715,0.86725,0.8617,0.8651,2171,2556
2022-02-11,0.8642,0.8709,0.8636,0.86995,151,2543
2022-02-14,0.86805,0.87135,0.86625,0.86685,267,2603
2022-02-15,0.8682,0.86935,0.8653,0.86695,391,2734
2022-02-16,0.86655,0.86875,0.866,0.8686,384,2749
2022-02-17,0.86865,0.8726,0.86775,0.8725,548,2748
2022-02-18,0.87255,0.8731,0.8695,0.87095,502,2905
2022-02-22,0.874,0.875,0.8699,0.8711,710,2828
2022-02-23,0.87105,0.8723,0.8702,0.8719,249,2837
2022-02-24,0.872,0.8759,0.8664,0.8665,5725,6930
2022-02-25,0.86795,0.87015,0.86595,0.86715,5725,6925
2022-02-28,0.86825,0.8728,0.8661,0.87265,3894,6267
2022-03-01,0.8713,0.87395,0.8696,0.87285,973,6502
2022-03-02,0.8729,0.87295,0.8663,0.86715,4050,5928
2022-03-03,0.8678,0.8687,0.86535,0.8683,10499,12313
2022-03-04,0.8679,0.8747,0.86755,0.87365,14162,18401
2022-03-07,0.87295,0.87335,0.86815,0.8694,35746,34850
2022-03-08,0.8693,0.86955,0.8656,0.86605,68912,69178
2022-03-09,0.86605,0.86725,0.8644,0.8651,80873,115487
2022-03-10,0.8651,0.8653,0.86245,0.86325,115607,171651
2022-03-11,0.863,0.863,0.8539,0.854,134898,197421
2022-03-14,0.85395,0.85425,0.84765,0.84855,98032,207143
2022-03-15,0.8478,0.85135,0.84605,0.84695,105267,212312
2022-03-16,0.847,0.84795,0.8412,0.84435,102144,219123
2022-03-17,0.8437,0.8464,0.8418,0.84485,98130,225634
2022-03-18,0.8447,0.84565,0.83905,0.84095,81762,230444
2022-03-21,0.84115,0.8412,0.83835,0.8386,55724,233394
2022-03-22,0.83855,0.83885,0.82775,0.8299,164333,245121
2022-03-23,0.82935,0.83085,0.82525,0.82725,117930,238516
2022-03-24,0.82705,0.82835,0.81855,0.8196,126892,246265
2022-03-25,0.8188,0.82685,0.81835,0.82035,151251,239453
2022-03-28,0.821,0.8211,0.80085,0.81095,237439,239604
2022-03-29,0.8089,0.82135,0.80615,0.8151,205447,234609
2022-03-30,0.8155,0.8258,0.8132,0.82285,177401,233124
2022-03-31,0.8221,0.82595,0.8181,0.82375,166315,235639
2022-04-01,0.82315,0.8233,0.8141,0.8169,146443,243306
2022-04-04,0.8171,0.8193,0.81465,0.8157,94427,232974
2022-04-05,0.81575,0.81855,0.80995,0.8104,109417,237156
2022-04-06,0.8105,0.81145,0.8075,0.80935,117907,237549
2022-04-07,0.8093,0.8113,0.8078,0.80805,101441,238236
2022-04-08,0.808,0.81,0.80345,0.80545,101441,234422
2022-04-11,0.8062,0.8069,0.7964,0.79845,124251,243133
2022-04-12,0.7988,0.8029,0.7965,0.7995,119350,240387
2022-04-13,0.7988,0.79905,0.7929,0.7974,132153,239946
2022-04-14,0.797,0.8007,0.79475,0.79495,109204,238830
2022-04-18,0.79165,0.7934,0.7885,0.7887,80528,242720
2022-04-19,0.7881,0.78865,0.7765,0.77785,179998,247411
2022-04-20,0.77685,0.78575,0.77385,0.78365,217407,241590
2022-04-21,0.78265,0.78355,0.77805,0.7808,152020,240053
2022-04-22,0.7798,0.78395,0.7756,0.77875,166520,241477
2022-04-25,0.779,0.78525,0.77705,0.7822,173640,238758
2022-04-26,0.7814,0.7884,0.7809,0.78495,166339,234014
2022-04-27,0.7873,0.78885,0.77865,0.7802,151143,240924
2022-04-28,0.77935,0.7802,0.7628,0.7649,193689,249737
2022-04-29,0.76525,0.7743,0.76455,0.7735,193689,249315
2022-05-02,0.77095,0.7725,0.7673,0.7694,117245,248477
2022-05-03,0.769,0.77195,0.76845,0.7691,81512,250740
2022-05-04,0.76925,0.77845,0.76785,0.7776,136927,248870
2022-05-05,0.77525,0.7776,0.76685,0.76775,149614,248993
2022-05-06,0.769,0.7696,0.7653,0.7666,149614,243988
2022-05-09,0.7667,0.7694,0.76215,0.7682,146963,245857
2022-05-10,0.7681,0.77125,0.76655,0.7676,138359,243071
2022-05-11,0.7676,0.7733,0.7652,0.77145,174268,242373
2022-05-12,0.77,0.78495,0.7696,0.7814,237940,238997
2022-05-13,0.77945,0.77985,0.77315,0.77375,158984,234907
2022-05-16,0.7737,0.77775,0.77185,0.77525,125521,236803
2022-05-17,0.77555,0.7768,0.7711,0.7733,109014,236870
2022-05-18,0.77345,0.78175,0.7726,0.7812,108669,236067
2022-05-19,0.7799,0.7878,0.77605,0.78345,127425,229657
2022-05-20,0.7829,0.78465,0.77995,0.78295,127425,229651
2022-05-23,0.7826,0.7869,0.78135,0.78235,103926,232326
2022-05-24,0.7825,0.7919,0.7812,0.78905,152848,232139
2022-05-25,0.7889,0.78995,0.78475,0.78595,119218,234702
2022-05-26,0.7862,0.7906,0.78415,0.78665,94535,230476
2022-05-27,0.78705,0.7898,0.7862,0.78715,94535,230476
2022-05-31,0.78695,0.7886,0.7761,0.77765,203310,231797
2022-06-01,0.7772,0.7776,0.7683,0.76875,133909,229668
2022-06-02,0.7686,0.77235,0.76795,0.77025,104335,229461
2022-06-03,0.77015,0.77125,0.76365,0.7645,103714,233624
2022-06-06,0.76415,0.7668,0.75765,0.7577,150103,214889
2022-06-07,0.75815,0.7583,0.752,0.7545,187119,185049
2022-06-08,0.7541,0.7543,0.7437,0.74535,251114,116344
2022-06-09,0.74505,0.75085,0.7432,0.74475,216662,70734
2022-06-10,0.744,0.7499,0.7436,0.7443,59496,49628
2022-06-13,0.74355,0.74785,0.73985,0.7466,1926,49095
